--
-- File generated with SQLiteStudio v3.4.4 on ter mai 9 15:31:45 2023
--
-- Text encoding used: System
--
PRAGMA foreign_keys = off;
BEGIN TRANSACTION;

-- Table: Especies
CREATE TABLE IF NOT EXISTS Especies (nome TEXT (15) PRIMARY KEY UNIQUE NOT NULL, classificacao TEXT (11), altura_media INTEGER (3), cabelo TEXT (3), tempo_de_vida_medio INTEGER (4), idioma TEXT (15), planeta TEXT (15) REFERENCES Planetas (nome));
INSERT INTO Especies (nome, classificacao, altura_media, cabelo, tempo_de_vida_medio, idioma, planeta) VALUES ('Hutt', 'gastropode', 300, 'nao', 1000, 'Huttese', 'Nal Hutta');
INSERT INTO Especies (nome, classificacao, altura_media, cabelo, tempo_de_vida_medio, idioma, planeta) VALUES ('Especie do Yoda', 'mamifero', 66, 'sim', 900, 'Basico Galatico', 'Dagobah');
INSERT INTO Especies (nome, classificacao, altura_media, cabelo, tempo_de_vida_medio, idioma, planeta) VALUES ('Trandoshano', 'reptiliano', 200, 'nao', 60, 'Dosh', 'Trandosha');
INSERT INTO Especies (nome, classificacao, altura_media, cabelo, tempo_de_vida_medio, idioma, planeta) VALUES ('Mon Calamari', 'anfibio', 160, 'nao', 80, 'Mon Calamarian', 'Mon Cala');
INSERT INTO Especies (nome, classificacao, altura_media, cabelo, tempo_de_vida_medio, idioma, planeta) VALUES ('Ewok', 'mamifero', 100, 'sim', 65, 'Ewokese', 'Endor');
INSERT INTO Especies (nome, classificacao, altura_media, cabelo, tempo_de_vida_medio, idioma, planeta) VALUES ('Sullustano', 'mamifero', 180, 'nao', 75, 'Sullutese', 'Sullust');
INSERT INTO Especies (nome, classificacao, altura_media, cabelo, tempo_de_vida_medio, idioma, planeta) VALUES ('Neimoidiano', 'reptiliano', 180, 'nao', 98, 'Neimoidia', 'Cato Neimoidia');
INSERT INTO Especies (nome, classificacao, altura_media, cabelo, tempo_de_vida_medio, idioma, planeta) VALUES ('Gungan', 'anfibio', 190, 'nao', 65, 'Gungan', 'Naboo');
INSERT INTO Especies (nome, classificacao, altura_media, cabelo, tempo_de_vida_medio, idioma, planeta) VALUES ('Toydariano', 'mamifero', 120, 'nao', 91, 'Toydarian', 'Toydaria');
INSERT INTO Especies (nome, classificacao, altura_media, cabelo, tempo_de_vida_medio, idioma, planeta) VALUES ('Dug', 'mamifero', 100, 'nao', 75, 'Dugese', 'Malastare');
INSERT INTO Especies (nome, classificacao, altura_media, cabelo, tempo_de_vida_medio, idioma, planeta) VALUES ('Twi''lek', 'mamifero', 200, 'nao', 75, 'Twi''leki', 'Ryloth');
INSERT INTO Especies (nome, classificacao, altura_media, cabelo, tempo_de_vida_medio, idioma, planeta) VALUES ('Toong', 'anfibio', 200, 'nao', 93, 'Tundan', 'Tund');
INSERT INTO Especies (nome, classificacao, altura_media, cabelo, tempo_de_vida_medio, idioma, planeta) VALUES ('Cereano', 'mamifero', 200, 'sim', 60, 'Cerean', 'Cerea');
INSERT INTO Especies (nome, classificacao, altura_media, cabelo, tempo_de_vida_medio, idioma, planeta) VALUES ('Nautolano', 'anfibio', 180, 'nao', 70, 'Nautila', 'Glee Anselm');
INSERT INTO Especies (nome, classificacao, altura_media, cabelo, tempo_de_vida_medio, idioma, planeta) VALUES ('Zabrak', 'mamifero', 180, 'sim', 180, 'Zabraki', 'Iridonia');
INSERT INTO Especies (nome, classificacao, altura_media, cabelo, tempo_de_vida_medio, idioma, planeta) VALUES ('Tholothiano', 'mamifero', 175, 'sim', 80, 'Tholothian', 'Tholoth');
INSERT INTO Especies (nome, classificacao, altura_media, cabelo, tempo_de_vida_medio, idioma, planeta) VALUES ('Iktotchi', 'mamifero', 180, 'nao', 90, 'Iktotchese', 'Iktotch');
INSERT INTO Especies (nome, classificacao, altura_media, cabelo, tempo_de_vida_medio, idioma, planeta) VALUES ('Quermiano', 'mamifero', 240, 'nao', 86, 'Quermian', 'Quermia');
INSERT INTO Especies (nome, classificacao, altura_media, cabelo, tempo_de_vida_medio, idioma, planeta) VALUES ('Kel Dor', 'reptiliano', 180, 'nao', 70, 'Kel Dor', 'Dorin');
INSERT INTO Especies (nome, classificacao, altura_media, cabelo, tempo_de_vida_medio, idioma, planeta) VALUES ('Chagriano', 'anfibio', 190, 'nao', 75, 'Chagria', 'Champala');
INSERT INTO Especies (nome, classificacao, altura_media, cabelo, tempo_de_vida_medio, idioma, planeta) VALUES ('Geonosiano', 'insetoide', 178, 'nao', 60, 'Geonosian', 'Geonosis');
INSERT INTO Especies (nome, classificacao, altura_media, cabelo, tempo_de_vida_medio, idioma, planeta) VALUES ('Mirialano', 'mamifero', 180, 'sim', 68, 'Mirialan', 'Mirial');
INSERT INTO Especies (nome, classificacao, altura_media, cabelo, tempo_de_vida_medio, idioma, planeta) VALUES ('Besalisk', 'anfibio', 178, 'nao', 75, 'Besalisk', 'Ojom');
INSERT INTO Especies (nome, classificacao, altura_media, cabelo, tempo_de_vida_medio, idioma, planeta) VALUES ('Kaminoano', 'anfibio', 220, 'nao', 80, 'Kaminoan', 'Kamino');
INSERT INTO Especies (nome, classificacao, altura_media, cabelo, tempo_de_vida_medio, idioma, planeta) VALUES ('Skakoano', 'mamifero', 175, 'nao', 100, 'Skakoan', 'Skako');
INSERT INTO Especies (nome, classificacao, altura_media, cabelo, tempo_de_vida_medio, idioma, planeta) VALUES ('Muun', 'mamifero', 190, 'nao', 100, 'Muun', 'Muunilinst');
INSERT INTO Especies (nome, classificacao, altura_media, cabelo, tempo_de_vida_medio, idioma, planeta) VALUES ('Togruta', 'mamifero', 180, 'nao', 94, 'Togruti', 'Shili');
INSERT INTO Especies (nome, classificacao, altura_media, cabelo, tempo_de_vida_medio, idioma, planeta) VALUES ('Kaleesh', 'reptiliano', 170, 'nao', 80, 'Kaleesh', 'Kalee');
INSERT INTO Especies (nome, classificacao, altura_media, cabelo, tempo_de_vida_medio, idioma, planeta) VALUES ('Pau''an', 'mamifero', 190, 'nao', 700, 'Utapese', 'Utapau');
INSERT INTO Especies (nome, classificacao, altura_media, cabelo, tempo_de_vida_medio, idioma, planeta) VALUES ('Wookiee', 'mamifero', 210, 'sim', 400, 'Shyriiwook', 'Kashyyyk');
INSERT INTO Especies (nome, classificacao, altura_media, cabelo, tempo_de_vida_medio, idioma, planeta) VALUES ('Droide', 'artificial', 'indefinida', 'nao', 'indefinido', 'Basico Galatico', 'Coruscant');
INSERT INTO Especies (nome, classificacao, altura_media, cabelo, tempo_de_vida_medio, idioma, planeta) VALUES ('Humano', 'mamifero', 180, 'sim', 120, 'Basico Galatico', 'Coruscant');
INSERT INTO Especies (nome, classificacao, altura_media, cabelo, tempo_de_vida_medio, idioma, planeta) VALUES ('Rodiano', 'reptiliano', 170, 'nao', 55, 'Basico Galatico', 'Rodia');
INSERT INTO Especies (nome, classificacao, altura_media, cabelo, tempo_de_vida_medio, idioma, planeta) VALUES ('Umbarano', 'mamifero', 180, 'sim', 80, 'Umbarese', 'Umbara');
INSERT INTO Especies (nome, classificacao, altura_media, cabelo, tempo_de_vida_medio, idioma, planeta) VALUES ('Vulptereeno', 'reptiliano', 100, 'nao', 45, 'Vulpterish', 'Vulpter');

-- Table: Fabricantes
CREATE TABLE IF NOT EXISTS Fabricantes (nome TEXT (44) PRIMARY KEY UNIQUE NOT NULL, planeta TEXT (15) REFERENCES Planetas (nome), produto TEXT (8));
INSERT INTO Fabricantes (nome, planeta, produto) VALUES ('Appazanna Engineering Works', 'Kashyyyk', 'veiculos');
INSERT INTO Fabricantes (nome, planeta, produto) VALUES ('Aratech Repulsor Company', 'Lothal', 'veiculos');
INSERT INTO Fabricantes (nome, planeta, produto) VALUES ('Baktoid Armor Workshop', 'Geonosis', 'veiculos');
INSERT INTO Fabricantes (nome, planeta, produto) VALUES ('Bespin Motors', 'Bespin', 'veiculos');
INSERT INTO Fabricantes (nome, planeta, produto) VALUES ('Colla Designs', 'Colla IV', 'veiculos');
INSERT INTO Fabricantes (nome, planeta, produto) VALUES ('Corellia Mining Corporation', 'Corellia', 'veiculos');
INSERT INTO Fabricantes (nome, planeta, produto) VALUES ('Corellian Engineering Corporation', 'Corellia', 'naves');
INSERT INTO Fabricantes (nome, planeta, produto) VALUES ('Cygnus Spaceworks', 'Nal Hutta', 'naves');
INSERT INTO Fabricantes (nome, planeta, produto) VALUES ('Feethan Ottraw Scalable Assemblies', 'Utapau', 'naves');
INSERT INTO Fabricantes (nome, planeta, produto) VALUES ('Gallofree Yards', 'Naboo', 'naves');
INSERT INTO Fabricantes (nome, planeta, produto) VALUES ('Haor Chall Engineering', 'Charros IV', 'veiculos');
INSERT INTO Fabricantes (nome, planeta, produto) VALUES ('Hoersch-Kessel Drive', 'Nimban', 'naves');
INSERT INTO Fabricantes (nome, planeta, produto) VALUES ('Huppla Pasa Tisc Shipwrights Collective', 'Geonosis', 'ambos');
INSERT INTO Fabricantes (nome, planeta, produto) VALUES ('Incom Corporation', 'Fresia', 'ambos');
INSERT INTO Fabricantes (nome, planeta, produto) VALUES ('Koensayr Manufacturing', 'Koensayr', 'naves');
INSERT INTO Fabricantes (nome, planeta, produto) VALUES ('Kuat Drive Yards', 'Kuat', 'ambos');
INSERT INTO Fabricantes (nome, planeta, produto) VALUES ('Kuat Systems Engineering', 'Kuat', 'naves');
INSERT INTO Fabricantes (nome, planeta, produto) VALUES ('Mon Calamari shipyards', 'Dac', 'naves');
INSERT INTO Fabricantes (nome, planeta, produto) VALUES ('Otoh Gunga Bongameken Cooperative', 'Naboo', 'veiculos');
INSERT INTO Fabricantes (nome, planeta, produto) VALUES ('Rendili StarDrive', 'Rendili', 'naves');
INSERT INTO Fabricantes (nome, planeta, produto) VALUES ('Republic Sienar Systems', 'Lianna', 'naves');
INSERT INTO Fabricantes (nome, planeta, produto) VALUES ('Rothana Heavy Engineering', 'Rothana', 'ambos');
INSERT INTO Fabricantes (nome, planeta, produto) VALUES ('Sienar Fleet Systems', 'Lianna', 'ambos');
INSERT INTO Fabricantes (nome, planeta, produto) VALUES ('SoroSuub Corporation', 'Sullust', 'veiculos');
INSERT INTO Fabricantes (nome, planeta, produto) VALUES ('Techno Union', 'Skako Minor', 'veiculos');
INSERT INTO Fabricantes (nome, planeta, produto) VALUES ('Theed Palace Space Vessel Engineering Corps', 'Naboo', 'naves');
INSERT INTO Fabricantes (nome, planeta, produto) VALUES ('Ubrikkian Industries', 'Corellia', 'veiculos');
INSERT INTO Fabricantes (nome, planeta, produto) VALUES ('Z-Gomot Ternbuell Guppat Corporation', 'Aargau', 'veiculos');

-- Table: Naves
CREATE TABLE IF NOT EXISTS Naves (nome TEXT (30) PRIMARY KEY UNIQUE NOT NULL, modelo TEXT (42), fabricante TEXT (44) REFERENCES Fabricantes (nome), custo_em_creditos INTEGER (13), comprimento REAL (6, 2), tripulacao INTEGER (6), passageiros INTEGER (6), capacidade_de_carga INTEGER (13), classe TEXT (32));
INSERT INTO Naves (nome, modelo, fabricante, custo_em_creditos, comprimento, tripulacao, passageiros, capacidade_de_carga, classe) VALUES ('Executor', 'Executor-class star dreadnought', 'Kuat Drive Yards', 1143350000, 19000.0, 279144, 38000, 250000000, 'Star Dreadnought');
INSERT INTO Naves (nome, modelo, fabricante, custo_em_creditos, comprimento, tripulacao, passageiros, capacidade_de_carga, classe) VALUES ('Sentinel-class landing craft', 'Sentinel-class landing craft', 'Sienar Fleet Systems', 240000, 38.0, 5, 75, 180000, 'Landing Craft');
INSERT INTO Naves (nome, modelo, fabricante, custo_em_creditos, comprimento, tripulacao, passageiros, capacidade_de_carga, classe) VALUES ('Death Star', 'DS-1 Orbital Battle Station', 'Sienar Fleet Systems', 1000000000000, 120000.0, 342953, 843342, 1000000000000, 'Deep Space Mobile Battlestation');
INSERT INTO Naves (nome, modelo, fabricante, custo_em_creditos, comprimento, tripulacao, passageiros, capacidade_de_carga, classe) VALUES ('Millennium Falcon', 'YT-1300 light freighter', 'Corellian Engineering Corporation', 100000, 34.37, 4, 6, 100000, 'Light Freighter');
INSERT INTO Naves (nome, modelo, fabricante, custo_em_creditos, comprimento, tripulacao, passageiros, capacidade_de_carga, classe) VALUES ('Y-wing', 'BTL Y-wing', 'Koensayr Manufacturing', 134999, 14.0, 2, 0, 110, 'Assault Starfighter');
INSERT INTO Naves (nome, modelo, fabricante, custo_em_creditos, comprimento, tripulacao, passageiros, capacidade_de_carga, classe) VALUES ('X-wing', 'T-65 X-wing', 'Incom Corporation', 149999, 12.5, 1, 0, 110, 'Starfighter');
INSERT INTO Naves (nome, modelo, fabricante, custo_em_creditos, comprimento, tripulacao, passageiros, capacidade_de_carga, classe) VALUES ('TIE Advanced x1', 'Twin Ion Engine Advanced x1', 'Sienar Fleet Systems', 160000, 9.2, 1, 0, 150, 'Starfighter');
INSERT INTO Naves (nome, modelo, fabricante, custo_em_creditos, comprimento, tripulacao, passageiros, capacidade_de_carga, classe) VALUES ('Slave 1', 'Firespray-31-class patrol and attack', 'Kuat Systems Engineering', 125650, 21.5, 1, 6, 70000, 'Patrol Craft');
INSERT INTO Naves (nome, modelo, fabricante, custo_em_creditos, comprimento, tripulacao, passageiros, capacidade_de_carga, classe) VALUES ('Imperial shuttle', 'Lambda-class T-4a shuttle', 'Sienar Fleet Systems', 240000, 20.0, 6, 20, 80000, 'Armed Government Transport');
INSERT INTO Naves (nome, modelo, fabricante, custo_em_creditos, comprimento, tripulacao, passageiros, capacidade_de_carga, classe) VALUES ('EF76 Nebulon-B escort frigate', 'EF76 Nebulon-B escort frigate', 'Kuat Drive Yards', 8500000, 300.0, 854, 75, 6000000, 'Escort Ship');
INSERT INTO Naves (nome, modelo, fabricante, custo_em_creditos, comprimento, tripulacao, passageiros, capacidade_de_carga, classe) VALUES ('Calamari Cruiser', 'MC80 Liberty type Star Cruiser', 'Mon Calamari shipyards', 104000000, 1200.0, 5400, 1200, 25000, 'Star Cruiser');
INSERT INTO Naves (nome, modelo, fabricante, custo_em_creditos, comprimento, tripulacao, passageiros, capacidade_de_carga, classe) VALUES ('A-wing', 'RZ-1 A-wing Interceptor', 'Incom Corporation', 175000, 9.6, 1, 0, 40, 'Starfighter');
INSERT INTO Naves (nome, modelo, fabricante, custo_em_creditos, comprimento, tripulacao, passageiros, capacidade_de_carga, classe) VALUES ('Naboo fighter', 'N-1 starfighter', 'Theed Palace Space Vessel Engineering Corps', 200000, 11.0, 1, 0, 65, 'Starfighter');
INSERT INTO Naves (nome, modelo, fabricante, custo_em_creditos, comprimento, tripulacao, passageiros, capacidade_de_carga, classe) VALUES ('Scimitar', 'Star Courier', 'Republic Sienar Systems', 55000000, 26.5, 1, 6, 2500000, 'Space Transport');
INSERT INTO Naves (nome, modelo, fabricante, custo_em_creditos, comprimento, tripulacao, passageiros, capacidade_de_carga, classe) VALUES ('J-type diplomatic barge', 'J-type diplomatic barge', 'Theed Palace Space Vessel Engineering Corps', 2000000, 39.0, 5, 10, 30, 'Diplomatic Barge');
INSERT INTO Naves (nome, modelo, fabricante, custo_em_creditos, comprimento, tripulacao, passageiros, capacidade_de_carga, classe) VALUES ('Jedi starfighter', 'Delta-7 Aethersprite-class interceptor', 'Kuat Systems Engineering', 180000, 8.0, 1, 0, 60, 'Starfighter');
INSERT INTO Naves (nome, modelo, fabricante, custo_em_creditos, comprimento, tripulacao, passageiros, capacidade_de_carga, classe) VALUES ('Star Destroyer', 'Imperial I-class Star Destroyer', 'Kuat Drive Yards', 150000000, 1600.0, 47060, 0, 36000000, 'Star Destroyer');
INSERT INTO Naves (nome, modelo, fabricante, custo_em_creditos, comprimento, tripulacao, passageiros, capacidade_de_carga, classe) VALUES ('Trade Federation cruiser', 'Providence-class carrier/destroyer', 'Rendili StarDrive', 125000000, 1088.0, 600, 48247, 50000000, 'Capital Ship');
INSERT INTO Naves (nome, modelo, fabricante, custo_em_creditos, comprimento, tripulacao, passageiros, capacidade_de_carga, classe) VALUES ('Theta-class T-2c shuttle', 'Theta-class T-2c shuttle', 'Cygnus Spaceworks', 1000000, 18.5, 5, 16, 50000, 'Transport');
INSERT INTO Naves (nome, modelo, fabricante, custo_em_creditos, comprimento, tripulacao, passageiros, capacidade_de_carga, classe) VALUES ('Rebel transport', 'GR-75 medium transport', 'Gallofree Yards', 350000, 90.0, 6, 90, 19000000, 'Medium Transport');
INSERT INTO Naves (nome, modelo, fabricante, custo_em_creditos, comprimento, tripulacao, passageiros, capacidade_de_carga, classe) VALUES ('Droid control ship', 'Lucrehulk-class Droid Control Ship', 'Hoersch-Kessel Drive', 500000000, 3170.0, 175, 139000, 4000000000, 'Droid Control Ship');
INSERT INTO Naves (nome, modelo, fabricante, custo_em_creditos, comprimento, tripulacao, passageiros, capacidade_de_carga, classe) VALUES ('Republic Assault ship', 'Acclamator I-class assault ship', 'Rothana Heavy Engineering', 111000000, 752.0, 700, 16000, 11250000, 'Assault Ship');
INSERT INTO Naves (nome, modelo, fabricante, custo_em_creditos, comprimento, tripulacao, passageiros, capacidade_de_carga, classe) VALUES ('Solar Sailer', 'Punworcca 116-class interstellar sloop', 'Huppla Pasa Tisc Shipwrights Collective', 35700, 15.2, 3, 11, 240, 'Yacht');
INSERT INTO Naves (nome, modelo, fabricante, custo_em_creditos, comprimento, tripulacao, passageiros, capacidade_de_carga, classe) VALUES ('Republic attack cruiser', 'Senator-class Star Destroyer', 'Kuat Drive Yards', 59000000, 1137.0, 7400, 2000, 20000000, 'Star Destroyer');
INSERT INTO Naves (nome, modelo, fabricante, custo_em_creditos, comprimento, tripulacao, passageiros, capacidade_de_carga, classe) VALUES ('Jedi Interceptor', 'Eta-2 Actis-class light interceptor', 'Kuat Systems Engineering', 320000, 5.47, 1, 0, 60, 'Starfighter');
INSERT INTO Naves (nome, modelo, fabricante, custo_em_creditos, comprimento, tripulacao, passageiros, capacidade_de_carga, classe) VALUES ('arc-170', 'Aggressive Reconnaissance-170 starfighter', 'Incom Corporation', 155000, 14.5, 3, 0, 110, 'Starfighter');
INSERT INTO Naves (nome, modelo, fabricante, custo_em_creditos, comprimento, tripulacao, passageiros, capacidade_de_carga, classe) VALUES ('Belbullab-22 starfighter', 'Belbullab-22 starfighter', 'Feethan Ottraw Scalable Assemblies', 168000, 6.71, 1, 0, 140, 'Starfighter');
INSERT INTO Naves (nome, modelo, fabricante, custo_em_creditos, comprimento, tripulacao, passageiros, capacidade_de_carga, classe) VALUES ('V-wing', 'Alpha-3 Nimbus-class V-wing starfighter', 'Kuat Systems Engineering', 102500, 7.9, 1, 0, 60, 'Starfighter');
INSERT INTO Naves (nome, modelo, fabricante, custo_em_creditos, comprimento, tripulacao, passageiros, capacidade_de_carga, classe) VALUES ('CR90 corvette', 'CR90 corvette', 'Corellian Engineering Corporation', 3500000, 150.0, 165, 600, 3000000, 'Corvette');
INSERT INTO Naves (nome, modelo, fabricante, custo_em_creditos, comprimento, tripulacao, passageiros, capacidade_de_carga, classe) VALUES ('Banking clan frigate', 'Munificent-class star frigate', 'Hoersch-Kessel Drive', 57000000, 825.0, 200, 850, 40000000, 'Cruiser');

-- Table: Personagens
CREATE TABLE IF NOT EXISTS Personagens (nome TEXT (25) PRIMARY KEY UNIQUE NOT NULL, altura INTEGER (3), peso INTEGER (4), cor_cabelo TEXT (10), cor_pele TEXT (10), cor_olhos TEXT (10), sexo TEXT (12), planeta TEXT (16) REFERENCES Planetas (nome), especie TEXT (15) REFERENCES Especies (nome));
INSERT INTO Personagens (nome, altura, peso, cor_cabelo, cor_pele, cor_olhos, sexo, planeta, especie) VALUES ('Luke Skywalker', 172, 77, 'loiro', 'clara', 'azul', 'masculino', 'Tatooine', 'Humano');
INSERT INTO Personagens (nome, altura, peso, cor_cabelo, cor_pele, cor_olhos, sexo, planeta, especie) VALUES ('C-3PO', 167, 75, 'nenhum', 'dourada', 'amarelo', 'masculino', 'Tatooine', 'Droide');
INSERT INTO Personagens (nome, altura, peso, cor_cabelo, cor_pele, cor_olhos, sexo, planeta, especie) VALUES ('R2-D2', 96, 32, 'nenhum', 'azul', 'vermelho', 'masculino', 'Naboo', 'Droide');
INSERT INTO Personagens (nome, altura, peso, cor_cabelo, cor_pele, cor_olhos, sexo, planeta, especie) VALUES ('Darth Vader', 202, 136, 'nenhum', 'branca', 'amarelo', 'masculino', 'Tatooine', 'Humano');
INSERT INTO Personagens (nome, altura, peso, cor_cabelo, cor_pele, cor_olhos, sexo, planeta, especie) VALUES ('Leia Organa', 150, 49, 'castanho', 'clara', 'marrom', 'feminino', 'Alderaan', 'Humano');
INSERT INTO Personagens (nome, altura, peso, cor_cabelo, cor_pele, cor_olhos, sexo, planeta, especie) VALUES ('Owen Lars', 178, 120, 'castanho', 'clara', 'azul', 'masculino', 'Tatooine', 'Humano');
INSERT INTO Personagens (nome, altura, peso, cor_cabelo, cor_pele, cor_olhos, sexo, planeta, especie) VALUES ('Beru Whitesun lars', 165, 75, 'castanho', 'clara', 'azul', 'feminino', 'Tatooine', 'Humano');
INSERT INTO Personagens (nome, altura, peso, cor_cabelo, cor_pele, cor_olhos, sexo, planeta, especie) VALUES ('R5-D4', 97, 32, 'nenhum', 'branca', 'vermelho', 'masculino', 'Tatooine', 'Droide');
INSERT INTO Personagens (nome, altura, peso, cor_cabelo, cor_pele, cor_olhos, sexo, planeta, especie) VALUES ('Biggs Darklighter', 183, 84, 'preto', 'clara', 'marrom', 'masculino', 'Tatooine', 'Humano');
INSERT INTO Personagens (nome, altura, peso, cor_cabelo, cor_pele, cor_olhos, sexo, planeta, especie) VALUES ('Obi-Wan Kenobi', 182, 77, 'ruivo', 'clara', 'azul', 'masculino', 'Stewjon', 'Humano');
INSERT INTO Personagens (nome, altura, peso, cor_cabelo, cor_pele, cor_olhos, sexo, planeta, especie) VALUES ('Anakin Skywalker', 188, 84, 'loiro', 'clara', 'azul', 'masculino', 'Tatooine', 'Humano');
INSERT INTO Personagens (nome, altura, peso, cor_cabelo, cor_pele, cor_olhos, sexo, planeta, especie) VALUES ('Wilhuff Tarkin', 180, 72, 'cinza', 'clara', 'azul', 'masculino', 'Eriadu', 'Humano');
INSERT INTO Personagens (nome, altura, peso, cor_cabelo, cor_pele, cor_olhos, sexo, planeta, especie) VALUES ('Chewbacca', 228, 112, 'castanho', 'marrom', 'azul', 'masculino', 'Kashyyyk', 'Wookiee');
INSERT INTO Personagens (nome, altura, peso, cor_cabelo, cor_pele, cor_olhos, sexo, planeta, especie) VALUES ('Han Solo', 180, 80, 'castanho', 'clara', 'marrom', 'masculino', 'Corellia', 'Humano');
INSERT INTO Personagens (nome, altura, peso, cor_cabelo, cor_pele, cor_olhos, sexo, planeta, especie) VALUES ('Greedo', 173, 74, 'nenhum', 'verde', 'preto', 'masculino', 'Rodia', 'Rodiano');
INSERT INTO Personagens (nome, altura, peso, cor_cabelo, cor_pele, cor_olhos, sexo, planeta, especie) VALUES ('Jabba Desilijic Tiure', 175, 1358, 'nenhum', 'verde', 'laranja', 'hermafrodita', 'Nal Hutta', 'Hutt');
INSERT INTO Personagens (nome, altura, peso, cor_cabelo, cor_pele, cor_olhos, sexo, planeta, especie) VALUES ('Wedge Antilles', 170, 77, 'castanho', 'clara', 'marrom', 'masculino', 'Corellia', 'Humano');
INSERT INTO Personagens (nome, altura, peso, cor_cabelo, cor_pele, cor_olhos, sexo, planeta, especie) VALUES ('Jek Tono Porkins', 180, 110, 'castanho', 'clara', 'azul', 'masculino', 'Bestine IV', 'Humano');
INSERT INTO Personagens (nome, altura, peso, cor_cabelo, cor_pele, cor_olhos, sexo, planeta, especie) VALUES ('Yoda', 66, 17, 'branco', 'verde', 'marrom', 'masculino', 'Dagobah', 'Especie do Yoda');
INSERT INTO Personagens (nome, altura, peso, cor_cabelo, cor_pele, cor_olhos, sexo, planeta, especie) VALUES ('Palpatine', 170, 75, 'cinza', 'palida', 'amarelo', 'masculino', 'Naboo', 'Humano');
INSERT INTO Personagens (nome, altura, peso, cor_cabelo, cor_pele, cor_olhos, sexo, planeta, especie) VALUES ('Boba Fett', 183, 78, 'preto', 'clara', 'marrom', 'masculino', 'Kamino', 'Humano');
INSERT INTO Personagens (nome, altura, peso, cor_cabelo, cor_pele, cor_olhos, sexo, planeta, especie) VALUES ('IG-88', 200, 140, 'nenhum', 'metal', 'vermelho', 'nenhum', 'Halowan', 'Droide');
INSERT INTO Personagens (nome, altura, peso, cor_cabelo, cor_pele, cor_olhos, sexo, planeta, especie) VALUES ('Bossk', 190, 113, 'nenhum', 'verde', 'vermelho', 'masculino', 'Trandosha', 'Trandoshano');
INSERT INTO Personagens (nome, altura, peso, cor_cabelo, cor_pele, cor_olhos, sexo, planeta, especie) VALUES ('Lando Calrissian', 177, 79, 'preto', 'escura', 'marrom', 'masculino', 'Socorro', 'Humano');
INSERT INTO Personagens (nome, altura, peso, cor_cabelo, cor_pele, cor_olhos, sexo, planeta, especie) VALUES ('Lobot', 175, 79, 'nenhum', 'clara', 'azul', 'masculino', 'Bespin', 'Humano');
INSERT INTO Personagens (nome, altura, peso, cor_cabelo, cor_pele, cor_olhos, sexo, planeta, especie) VALUES ('Ackbar', 180, 83, 'nenhum', 'marrom', 'laranja', 'masculino', 'Mon Cala', 'Mon Calamari');
INSERT INTO Personagens (nome, altura, peso, cor_cabelo, cor_pele, cor_olhos, sexo, planeta, especie) VALUES ('Mon Mothma', 150, 54, 'ruivo', 'clara', 'azul', 'feminino', 'Chandrila', 'Humano');
INSERT INTO Personagens (nome, altura, peso, cor_cabelo, cor_pele, cor_olhos, sexo, planeta, especie) VALUES ('Arvel Crynyd', 189, 84, 'castanho', 'clara', 'marrom', 'masculino', 'Thyferra', 'Humano');
INSERT INTO Personagens (nome, altura, peso, cor_cabelo, cor_pele, cor_olhos, sexo, planeta, especie) VALUES ('Wicket Systri Warrick', 88, 20, 'castanho', 'marrom', 'marrom', 'masculino', 'Endor', 'Ewok');
INSERT INTO Personagens (nome, altura, peso, cor_cabelo, cor_pele, cor_olhos, sexo, planeta, especie) VALUES ('Nien Nunb', 160, 68, 'nenhum', 'cinza', 'preto', 'masculino', 'Sullust', 'Sullustano');
INSERT INTO Personagens (nome, altura, peso, cor_cabelo, cor_pele, cor_olhos, sexo, planeta, especie) VALUES ('Qui-Gon Jinn', 193, 89, 'castanho', 'clara', 'azul', 'masculino', 'Coruscant', 'Humano');
INSERT INTO Personagens (nome, altura, peso, cor_cabelo, cor_pele, cor_olhos, sexo, planeta, especie) VALUES ('Nute Gunray', 191, 90, 'nenhum', 'verde', 'vermelho', 'masculino', 'Cato Neimoidia', 'Neimodiano');
INSERT INTO Personagens (nome, altura, peso, cor_cabelo, cor_pele, cor_olhos, sexo, planeta, especie) VALUES ('Finis Valorum', 170, 76, 'loiro', 'clara', 'azul', 'masculino', 'Coruscant', 'Humano');
INSERT INTO Personagens (nome, altura, peso, cor_cabelo, cor_pele, cor_olhos, sexo, planeta, especie) VALUES ('Jar Jar Binks', 196, 66, 'nenhum', 'laranja', 'laranja', 'masculino', 'Naboo', 'Gungan');
INSERT INTO Personagens (nome, altura, peso, cor_cabelo, cor_pele, cor_olhos, sexo, planeta, especie) VALUES ('Roos Tarpals', 224, 82, 'nenhum', 'cinza', 'laranja', 'masculino', 'Naboo', 'Gungan');
INSERT INTO Personagens (nome, altura, peso, cor_cabelo, cor_pele, cor_olhos, sexo, planeta, especie) VALUES ('Rugor Nass', 206, 200, 'nenhum', 'verde', 'laranja', 'masculino', 'Naboo', 'Gungan');
INSERT INTO Personagens (nome, altura, peso, cor_cabelo, cor_pele, cor_olhos, sexo, planeta, especie) VALUES ('Ric Olie', 183, 86, 'castanho', 'clara', 'azul', 'masculino', 'Naboo', 'Humano');
INSERT INTO Personagens (nome, altura, peso, cor_cabelo, cor_pele, cor_olhos, sexo, planeta, especie) VALUES ('Watto', 137, 44, 'preto', 'cinza', 'amarelo', 'masculino', 'Toydaria', 'Toydariano');
INSERT INTO Personagens (nome, altura, peso, cor_cabelo, cor_pele, cor_olhos, sexo, planeta, especie) VALUES ('Sebulba', 112, 40, 'nenhum', 'roxa', 'laranja', 'masculino', 'Malastare', 'Dug');
INSERT INTO Personagens (nome, altura, peso, cor_cabelo, cor_pele, cor_olhos, sexo, planeta, especie) VALUES ('Quarsh Panaka', 183, 80, 'preto', 'escura', 'marrom', 'masculino', 'Naboo', 'Humano');
INSERT INTO Personagens (nome, altura, peso, cor_cabelo, cor_pele, cor_olhos, sexo, planeta, especie) VALUES ('Shmi Skywalker', 163, 56, 'preto', 'clara', 'marrom', 'feminino', 'Tatooine', 'Humano');
INSERT INTO Personagens (nome, altura, peso, cor_cabelo, cor_pele, cor_olhos, sexo, planeta, especie) VALUES ('Darth Maul', 175, 80, 'nenhum', 'vermelha', 'amarelo', 'masculino', 'Dathomir', 'Zabrak');
INSERT INTO Personagens (nome, altura, peso, cor_cabelo, cor_pele, cor_olhos, sexo, planeta, especie) VALUES ('Bib Fortuna', 180, 90, 'nenhum', 'palida', 'rosa', 'masculino', 'Ryloth', 'Twi''lek');
INSERT INTO Personagens (nome, altura, peso, cor_cabelo, cor_pele, cor_olhos, sexo, planeta, especie) VALUES ('Ayla Secura', 178, 55, 'nenhum', 'azul', 'marrom', 'feminino', 'Ryloth', 'Twi''lek');
INSERT INTO Personagens (nome, altura, peso, cor_cabelo, cor_pele, cor_olhos, sexo, planeta, especie) VALUES ('Dud Bolt', 94, 45, 'nenhum', 'azul', 'amarelo', 'masculino', 'Vulpter', 'Vulptereeno');
INSERT INTO Personagens (nome, altura, peso, cor_cabelo, cor_pele, cor_olhos, sexo, planeta, especie) VALUES ('Ben Quadinaros', 163, 65, 'nenhum', 'amarela', 'laranja', 'masculino', 'Tund', 'Toong');
INSERT INTO Personagens (nome, altura, peso, cor_cabelo, cor_pele, cor_olhos, sexo, planeta, especie) VALUES ('Mace Windu', 188, 84, 'nenhum', 'escura', 'marrom', 'masculino', 'Haruun Kal', 'Humano');
INSERT INTO Personagens (nome, altura, peso, cor_cabelo, cor_pele, cor_olhos, sexo, planeta, especie) VALUES ('Ki-Adi-Mundi', 198, 82, 'branco', 'palida', 'amarelo', 'masculino', 'Cerea', 'Cereano');
INSERT INTO Personagens (nome, altura, peso, cor_cabelo, cor_pele, cor_olhos, sexo, planeta, especie) VALUES ('Kit Fisto', 196, 87, 'nenhum', 'verde', 'preto', 'masculino', 'Glee Anselm', 'Nautolano');
INSERT INTO Personagens (nome, altura, peso, cor_cabelo, cor_pele, cor_olhos, sexo, planeta, especie) VALUES ('Eeth Koth', 171, 76, 'preto', 'marrom', 'marrom', 'masculino', 'Iridonia', 'Zabrak');
INSERT INTO Personagens (nome, altura, peso, cor_cabelo, cor_pele, cor_olhos, sexo, planeta, especie) VALUES ('Adi Gallia', 184, 50, 'nenhum', 'escura', 'azul', 'feminino', 'Coruscant', 'Tholothiano');
INSERT INTO Personagens (nome, altura, peso, cor_cabelo, cor_pele, cor_olhos, sexo, planeta, especie) VALUES ('Saesee Tiin', 188, 86, 'nenhum', 'palida', 'laranja', 'masculino', 'Iktotch', 'Iktotchi');
INSERT INTO Personagens (nome, altura, peso, cor_cabelo, cor_pele, cor_olhos, sexo, planeta, especie) VALUES ('Yarael Poof', 264, 92, 'nenhum', 'branca', 'amarelo', 'masculino', 'Quermia', 'Quermiano');
INSERT INTO Personagens (nome, altura, peso, cor_cabelo, cor_pele, cor_olhos, sexo, planeta, especie) VALUES ('Plo Koon', 188, 80, 'nenhum', 'laranja', 'preto', 'masculino', 'Dorin', 'Kel Dor');
INSERT INTO Personagens (nome, altura, peso, cor_cabelo, cor_pele, cor_olhos, sexo, planeta, especie) VALUES ('Mas Amedda', 196, 93, 'nenhum', 'azul', 'azul', 'masculino', 'Champala', 'Chagriano');
INSERT INTO Personagens (nome, altura, peso, cor_cabelo, cor_pele, cor_olhos, sexo, planeta, especie) VALUES ('Gregar Typho', 185, 85, 'preto', 'escura', 'marrom', 'masculino', 'Naboo', 'Humano');
INSERT INTO Personagens (nome, altura, peso, cor_cabelo, cor_pele, cor_olhos, sexo, planeta, especie) VALUES ('Corde', 157, 53, 'castanho', 'clara', 'marrom', 'feminino', 'Naboo', 'Humano');
INSERT INTO Personagens (nome, altura, peso, cor_cabelo, cor_pele, cor_olhos, sexo, planeta, especie) VALUES ('Cliegg Lars', 183, 82, 'castanho', 'clara', 'azul', 'masculino', 'Tatooine', 'Humano');
INSERT INTO Personagens (nome, altura, peso, cor_cabelo, cor_pele, cor_olhos, sexo, planeta, especie) VALUES ('Poggle the Lesser', 183, 80, 'nenhum', 'verde', 'amarelo', 'masculino', 'Geonosis', 'Geonosiano');
INSERT INTO Personagens (nome, altura, peso, cor_cabelo, cor_pele, cor_olhos, sexo, planeta, especie) VALUES ('Luminara Unduli', 170, 56, 'preto', 'amarela', 'azul', 'feminino', 'Mirial', 'Mirialano');
INSERT INTO Personagens (nome, altura, peso, cor_cabelo, cor_pele, cor_olhos, sexo, planeta, especie) VALUES ('Barriss Offee', 166, 50, 'preto', 'amarela', 'azul', 'feminino', 'Mirial', 'Mirialano');
INSERT INTO Personagens (nome, altura, peso, cor_cabelo, cor_pele, cor_olhos, sexo, planeta, especie) VALUES ('Dorme', 165, 50, 'castanho', 'clara', 'marrom', 'feminino', 'Naboo', 'Humano');
INSERT INTO Personagens (nome, altura, peso, cor_cabelo, cor_pele, cor_olhos, sexo, planeta, especie) VALUES ('Dooku', 193, 80, 'branco', 'clara', 'marrom', 'masculino', 'Serenno', 'Humano');
INSERT INTO Personagens (nome, altura, peso, cor_cabelo, cor_pele, cor_olhos, sexo, planeta, especie) VALUES ('Bail Prestor Organa', 191, 86, 'preto', 'bronzeada', 'marrom', 'masculino', 'Alderaan', 'Humano');
INSERT INTO Personagens (nome, altura, peso, cor_cabelo, cor_pele, cor_olhos, sexo, planeta, especie) VALUES ('Jango Fett', 183, 79, 'preto', 'bronzeada', 'marrom', 'masculino', 'Kamino', 'Humano');
INSERT INTO Personagens (nome, altura, peso, cor_cabelo, cor_pele, cor_olhos, sexo, planeta, especie) VALUES ('Dexter Jettster', 198, 102, 'nenhum', 'marrom', 'amarelo', 'masculino', 'Ojom', 'Besalisk');
INSERT INTO Personagens (nome, altura, peso, cor_cabelo, cor_pele, cor_olhos, sexo, planeta, especie) VALUES ('Lama Su', 229, 88, 'nenhum', 'cinza', 'preto', 'masculino', 'Kamino', 'Kaminoano');
INSERT INTO Personagens (nome, altura, peso, cor_cabelo, cor_pele, cor_olhos, sexo, planeta, especie) VALUES ('Taun We', 213, 81, 'nenhum', 'cinza', 'preto', 'feminino', 'Kamino', 'Kaminoano');
INSERT INTO Personagens (nome, altura, peso, cor_cabelo, cor_pele, cor_olhos, sexo, planeta, especie) VALUES ('Jocasta Nu', 167, 55, 'branco', 'clara', 'azul', 'feminino', 'Coruscant', 'Humano');
INSERT INTO Personagens (nome, altura, peso, cor_cabelo, cor_pele, cor_olhos, sexo, planeta, especie) VALUES ('R4-P17', 96, 32, 'nenhum', 'vermelha', 'vermelho', 'feminino', 'Nubia', 'Droide');
INSERT INTO Personagens (nome, altura, peso, cor_cabelo, cor_pele, cor_olhos, sexo, planeta, especie) VALUES ('Wat Tambor', 193, 48, 'nenhum', 'verde', 'preto', 'masculino', 'Skako', 'Skakoano');
INSERT INTO Personagens (nome, altura, peso, cor_cabelo, cor_pele, cor_olhos, sexo, planeta, especie) VALUES ('San Hill', 191, 81, 'nenhum', 'cinza', 'dourado', 'masculino', 'Muunilinst', 'Muun');
INSERT INTO Personagens (nome, altura, peso, cor_cabelo, cor_pele, cor_olhos, sexo, planeta, especie) VALUES ('Shaak Ti', 178, 57, 'nenhum', 'vermelha', 'preto', 'feminino', 'Shili', 'Togruta');
INSERT INTO Personagens (nome, altura, peso, cor_cabelo, cor_pele, cor_olhos, sexo, planeta, especie) VALUES ('Grievous', 216, 159, 'nenhum', 'branca', 'dourado', 'masculino', 'Kalee', 'Kaleesh');
INSERT INTO Personagens (nome, altura, peso, cor_cabelo, cor_pele, cor_olhos, sexo, planeta, especie) VALUES ('Tarfful', 234, 136, 'castanho', 'marrom', 'azul', 'masculino', 'Kashyyyk', 'Wookiee');
INSERT INTO Personagens (nome, altura, peso, cor_cabelo, cor_pele, cor_olhos, sexo, planeta, especie) VALUES ('Raymus Antilles', 188, 79, 'castanho', 'clara', 'marrom', 'masculino', 'Alderaan', 'Humano');
INSERT INTO Personagens (nome, altura, peso, cor_cabelo, cor_pele, cor_olhos, sexo, planeta, especie) VALUES ('Sly Moore', 178, 48, 'nenhum', 'palida', 'branco', 'feminino', 'Umbara', 'Umbarano');
INSERT INTO Personagens (nome, altura, peso, cor_cabelo, cor_pele, cor_olhos, sexo, planeta, especie) VALUES ('Tion Medon', 206, 80, 'nenhum', 'cinza', 'preto', 'masculino', 'Utapau', 'Pau''an');
INSERT INTO Personagens (nome, altura, peso, cor_cabelo, cor_pele, cor_olhos, sexo, planeta, especie) VALUES ('Padme Amidala', 165, 45, 'castanho', 'clara', 'marrom', 'feminino', 'Naboo', 'Humano');

-- Table: Planetas
CREATE TABLE IF NOT EXISTS Planetas (nome TEXT (16) PRIMARY KEY UNIQUE NOT NULL, periodo_rotacao INTEGER (3), diametro INTEGER (6), clima TEXT (14), gravidade REAL (1, 2), populacao INTEGER (13), sois INTEGER (1), luas INTEGER (3), classe TEXT (14));
INSERT INTO Planetas (nome, periodo_rotacao, diametro, clima, gravidade, populacao, sois, luas, classe) VALUES ('Alderaan', 24, 12500, 'temperado', 1.0, 2000000000, 1, 1, 'terrestre');
INSERT INTO Planetas (nome, periodo_rotacao, diametro, clima, gravidade, populacao, sois, luas, classe) VALUES ('Yavin IV', 24, 10200, 'tropical', 1.0, 1000, 1, 0, 'lua');
INSERT INTO Planetas (nome, periodo_rotacao, diametro, clima, gravidade, populacao, sois, luas, classe) VALUES ('Hoth', 23, 7200, 'congelado', 1.1, 10, 1, 3, 'terrestre');
INSERT INTO Planetas (nome, periodo_rotacao, diametro, clima, gravidade, populacao, sois, luas, classe) VALUES ('Dagobah', 23, 8900, 'sombrio', 1.0, 0, 1, 1, 'terrestre');
INSERT INTO Planetas (nome, periodo_rotacao, diametro, clima, gravidade, populacao, sois, luas, classe) VALUES ('Bespin', 12, 118000, 'temperado', 1.0, 3600000000, 1, 3, 'gigante gasoso');
INSERT INTO Planetas (nome, periodo_rotacao, diametro, clima, gravidade, populacao, sois, luas, classe) VALUES ('Endor', 18, 4900, 'temperado', 0.85, 30000000, 2, 0, 'lua');
INSERT INTO Planetas (nome, periodo_rotacao, diametro, clima, gravidade, populacao, sois, luas, classe) VALUES ('Naboo', 26, 12120, 'temperado', 1.0, 4500000000, 1, 3, 'terrestre');
INSERT INTO Planetas (nome, periodo_rotacao, diametro, clima, gravidade, populacao, sois, luas, classe) VALUES ('Coruscant', 24, 12240, 'temperado', 1.0, 1000000000000, 1, 4, 'terrestre');
INSERT INTO Planetas (nome, periodo_rotacao, diametro, clima, gravidade, populacao, sois, luas, classe) VALUES ('Kamino', 27, 19720, 'temperado', 1.0, 1000000000, 1, 3, 'terrestre');
INSERT INTO Planetas (nome, periodo_rotacao, diametro, clima, gravidade, populacao, sois, luas, classe) VALUES ('Geonosis', 30, 11370, 'arido', 0.9, 100000000000, 1, 15, 'terrestre');
INSERT INTO Planetas (nome, periodo_rotacao, diametro, clima, gravidade, populacao, sois, luas, classe) VALUES ('Utapau', 27, 12900, 'temperado', 1.0, 95000000, 1, 9, 'terrestre');
INSERT INTO Planetas (nome, periodo_rotacao, diametro, clima, gravidade, populacao, sois, luas, classe) VALUES ('Mustafar', 36, 4200, 'quente', 1.0, 20000, 1, 0, 'terrestre');
INSERT INTO Planetas (nome, periodo_rotacao, diametro, clima, gravidade, populacao, sois, luas, classe) VALUES ('Kashyyyk', 26, 12765, 'tropical', 1.0, 45000000, 1, 3, 'terrestre');
INSERT INTO Planetas (nome, periodo_rotacao, diametro, clima, gravidade, populacao, sois, luas, classe) VALUES ('Polis Massa', 24, 1458, 'temperado', 0.56, 1000000, 1, 0, 'planetoide');
INSERT INTO Planetas (nome, periodo_rotacao, diametro, clima, gravidade, populacao, sois, luas, classe) VALUES ('Mygeeto', 12, 10088, 'gelado', 1.0, 19000000, 1, 2, 'terrestre');
INSERT INTO Planetas (nome, periodo_rotacao, diametro, clima, gravidade, populacao, sois, luas, classe) VALUES ('Felucia', 34, 9100, 'umido', 0.75, 8500000, 1, 2, 'terrestre');
INSERT INTO Planetas (nome, periodo_rotacao, diametro, clima, gravidade, populacao, sois, luas, classe) VALUES ('Cato Neimoidia', 25, 10830, 'umido', 1.0, 10000000, 1, 2, 'terrestre');
INSERT INTO Planetas (nome, periodo_rotacao, diametro, clima, gravidade, populacao, sois, luas, classe) VALUES ('Saleucami', 26, 14920, 'quente', 1.0, 1400000000, 1, 2, 'terrestre');
INSERT INTO Planetas (nome, periodo_rotacao, diametro, clima, gravidade, populacao, sois, luas, classe) VALUES ('Stewjon', 34, 9800, 'temperado', 2.0, 250000, 1, 3, 'terrestre');
INSERT INTO Planetas (nome, periodo_rotacao, diametro, clima, gravidade, populacao, sois, luas, classe) VALUES ('Eriadu', 24, 13490, 'poluido', 1.0, 22000000000, 1, 1, 'terrestre');
INSERT INTO Planetas (nome, periodo_rotacao, diametro, clima, gravidade, populacao, sois, luas, classe) VALUES ('Corellia', 25, 11000, 'temperado', 1.0, 3000000000, 1, 3, 'terrestre');
INSERT INTO Planetas (nome, periodo_rotacao, diametro, clima, gravidade, populacao, sois, luas, classe) VALUES ('Rodia', 29, 7549, 'quente', 1.0, 1300000000, 1, 4, 'terrestre');
INSERT INTO Planetas (nome, periodo_rotacao, diametro, clima, gravidade, populacao, sois, luas, classe) VALUES ('Nal Hutta', 87, 12150, 'temperado', 1.0, 7000000000, 1, 5, 'terrestre');
INSERT INTO Planetas (nome, periodo_rotacao, diametro, clima, gravidade, populacao, sois, luas, classe) VALUES ('Dantooine', 25, 9830, 'temperado', 1.0, 1000, 1, 2, 'terrestre');
INSERT INTO Planetas (nome, periodo_rotacao, diametro, clima, gravidade, populacao, sois, luas, classe) VALUES ('Bestine IV', 26, 6400, 'temperado', 1.0, 62000000, 1, 2, 'terrestre');
INSERT INTO Planetas (nome, periodo_rotacao, diametro, clima, gravidade, populacao, sois, luas, classe) VALUES ('Ord Mantell', 26, 14050, 'temperado', 1.0, 4000000000, 1, 15, 'terrestre');
INSERT INTO Planetas (nome, periodo_rotacao, diametro, clima, gravidade, populacao, sois, luas, classe) VALUES ('Trandosha', 25, 9978, 'arido', 0.62, 42000000, 1, 2, 'terrestre');
INSERT INTO Planetas (nome, periodo_rotacao, diametro, clima, gravidade, populacao, sois, luas, classe) VALUES ('Socorro', 20, 8500, 'arido', 1.0, 300000000, 1, 0, 'terrestre');
INSERT INTO Planetas (nome, periodo_rotacao, diametro, clima, gravidade, populacao, sois, luas, classe) VALUES ('Mon Cala', 21, 11030, 'temperado', 1.0, 27000000000, 2, 1, 'terrestre');
INSERT INTO Planetas (nome, periodo_rotacao, diametro, clima, gravidade, populacao, sois, luas, classe) VALUES ('Chandrila', 20, 13500, 'temperado', 1.0, 1200000000, 1, 2, 'terrestre');
INSERT INTO Planetas (nome, periodo_rotacao, diametro, clima, gravidade, populacao, sois, luas, classe) VALUES ('Sullust', 20, 12780, 'superaquecido', 1.0, 18500000000, 1, 2, 'terrestre');
INSERT INTO Planetas (nome, periodo_rotacao, diametro, clima, gravidade, populacao, sois, luas, classe) VALUES ('Toydaria', 21, 7900, 'temperado', 1.0, 11000000, 2, 1, 'terrestre');
INSERT INTO Planetas (nome, periodo_rotacao, diametro, clima, gravidade, populacao, sois, luas, classe) VALUES ('Malastare', 26, 18880, 'temperado', 1.56, 2000000000, 1, 2, 'terrestre');
INSERT INTO Planetas (nome, periodo_rotacao, diametro, clima, gravidade, populacao, sois, luas, classe) VALUES ('Dathomir', 24, 10480, 'temperado', 0.9, 5200, 1, 4, 'terrestre');
INSERT INTO Planetas (nome, periodo_rotacao, diametro, clima, gravidade, populacao, sois, luas, classe) VALUES ('Ryloth', 30, 10600, 'arido', 1.0, 1500000000, 1, 5, 'terrestre');
INSERT INTO Planetas (nome, periodo_rotacao, diametro, clima, gravidade, populacao, sois, luas, classe) VALUES ('Vulpter', 22, 14900, 'artico', 1.0, 421000000, 1, 0, 'terrestre');
INSERT INTO Planetas (nome, periodo_rotacao, diametro, clima, gravidade, populacao, sois, luas, classe) VALUES ('Tund', 48, 12190, 'arido', 1.24, 0, 1, 0, 'terrestre');
INSERT INTO Planetas (nome, periodo_rotacao, diametro, clima, gravidade, populacao, sois, luas, classe) VALUES ('Haruun Kal', 25, 10120, 'temperado', 0.98, 705300, 1, 100, 'terrestre');
INSERT INTO Planetas (nome, periodo_rotacao, diametro, clima, gravidade, populacao, sois, luas, classe) VALUES ('Cerea', 27, 18406, 'temperado', 1.0, 450000000, 3, 1, 'terrestre');
INSERT INTO Planetas (nome, periodo_rotacao, diametro, clima, gravidade, populacao, sois, luas, classe) VALUES ('Glee Anselm', 33, 15600, 'tropical', 1.0, 500000000, 1, 1, 'terrestre');
INSERT INTO Planetas (nome, periodo_rotacao, diametro, clima, gravidade, populacao, sois, luas, classe) VALUES ('Iridonia', 29, 11000, 'arido', 1.0, 1279592, 1, 2, 'terrestre');
INSERT INTO Planetas (nome, periodo_rotacao, diametro, clima, gravidade, populacao, sois, luas, classe) VALUES ('Tholoth', 41, 11480, 'temperado', 1.0, 55600000, 1, 1, 'terrestre');
INSERT INTO Planetas (nome, periodo_rotacao, diametro, clima, gravidade, populacao, sois, luas, classe) VALUES ('Iktotch', 22, 22000, 'arido', 1.0, 1890000, 1, 0, 'lua');
INSERT INTO Planetas (nome, periodo_rotacao, diametro, clima, gravidade, populacao, sois, luas, classe) VALUES ('Quermia', 18, 9900, 'temperado', 1.0, 55000000, 1, 0, 'terrestre');
INSERT INTO Planetas (nome, periodo_rotacao, diametro, clima, gravidade, populacao, sois, luas, classe) VALUES ('Dorin', 22, 13400, 'temperado', 1.0, 671000000, 1, 1, 'terrestre');
INSERT INTO Planetas (nome, periodo_rotacao, diametro, clima, gravidade, populacao, sois, luas, classe) VALUES ('Champala', 27, 27000, 'temperado', 1.0, 3500000000, 1, 3, 'terrestre');
INSERT INTO Planetas (nome, periodo_rotacao, diametro, clima, gravidade, populacao, sois, luas, classe) VALUES ('Mirial', 19, 14100, 'frio', 1.0, 300000000, 1, 1, 'terrestre');
INSERT INTO Planetas (nome, periodo_rotacao, diametro, clima, gravidade, populacao, sois, luas, classe) VALUES ('Serenno', 24, 23562, 'temperado', 1.0, 4000000000, 1, 2, 'terrestre');
INSERT INTO Planetas (nome, periodo_rotacao, diametro, clima, gravidade, populacao, sois, luas, classe) VALUES ('Ojom', 21, 13457, 'gelado', 1.0, 500000000, 1, 1, 'terrestre');
INSERT INTO Planetas (nome, periodo_rotacao, diametro, clima, gravidade, populacao, sois, luas, classe) VALUES ('Skako', 27, 11745, 'temperado', 1.0, 500000000000, 1, 2, 'terrestre');
INSERT INTO Planetas (nome, periodo_rotacao, diametro, clima, gravidade, populacao, sois, luas, classe) VALUES ('Muunilinst', 28, 13800, 'temperado', 1.0, 5000000000, 1, 2, 'terrestre');
INSERT INTO Planetas (nome, periodo_rotacao, diametro, clima, gravidade, populacao, sois, luas, classe) VALUES ('Shili', 22, 9631, 'temperado', 1.0, 48000000000, 1, 6, 'terrestre');
INSERT INTO Planetas (nome, periodo_rotacao, diametro, clima, gravidade, populacao, sois, luas, classe) VALUES ('Kalee', 23, 13850, 'temperado', 1.0, 4000000000, 1, 1, 'terrestre');
INSERT INTO Planetas (nome, periodo_rotacao, diametro, clima, gravidade, populacao, sois, luas, classe) VALUES ('Umbara', 51, 8964, 'temperado', 0.9, 1, 1, 2, 'terrestre');
INSERT INTO Planetas (nome, periodo_rotacao, diametro, clima, gravidade, populacao, sois, luas, classe) VALUES ('Tatooine', 23, 10465, 'arido', 1.0, 200000, 2, 3, 'terrestre');
INSERT INTO Planetas (nome, periodo_rotacao, diametro, clima, gravidade, populacao, sois, luas, classe) VALUES ('Jakku', 27, 6400, 'arido', 1.0, 25000, 1, 2, 'terrestre');
INSERT INTO Planetas (nome, periodo_rotacao, diametro, clima, gravidade, populacao, sois, luas, classe) VALUES ('Kuat', 20, 10000, 'temperado', 1.0, 3600000000, 1, 2, 'terrestre');
INSERT INTO Planetas (nome, periodo_rotacao, diametro, clima, gravidade, populacao, sois, luas, classe) VALUES ('Dac', 21, 11030, 'temperado', 1.0, 0, 2, 1, 'terrestre');
INSERT INTO Planetas (nome, periodo_rotacao, diametro, clima, gravidade, populacao, sois, luas, classe) VALUES ('Fresia', 528, 10308, 'temperado', 1.0, 2300000, 1, 7, 'terrestre');
INSERT INTO Planetas (nome, periodo_rotacao, diametro, clima, gravidade, populacao, sois, luas, classe) VALUES ('Koensayr', 53, 10050, 'tropical', 1.0, 5436000, 2, 2, 'terrestre');
INSERT INTO Planetas (nome, periodo_rotacao, diametro, clima, gravidade, populacao, sois, luas, classe) VALUES ('Lianna', 22, 9899, 'temperado', 1.0, 5600000000, 1, 1, 'terrestre');
INSERT INTO Planetas (nome, periodo_rotacao, diametro, clima, gravidade, populacao, sois, luas, classe) VALUES ('Nimban', 487, 21000, 'temperado', 1.13, 5000000000, 1, 2, 'terrestre');
INSERT INTO Planetas (nome, periodo_rotacao, diametro, clima, gravidade, populacao, sois, luas, classe) VALUES ('Rendili', 103, 9640, 'umido', 1.2, 600000000000, 1, 7, 'terrestre');
INSERT INTO Planetas (nome, periodo_rotacao, diametro, clima, gravidade, populacao, sois, luas, classe) VALUES ('Rothana', 87, 17850, 'artico', 1.0, 7500000000, 1, 4, 'terrestre');
INSERT INTO Planetas (nome, periodo_rotacao, diametro, clima, gravidade, populacao, sois, luas, classe) VALUES ('Aargau', 24, 12928, 'temperado', 1.0, 4800000000, 1, 1, 'terrestre');
INSERT INTO Planetas (nome, periodo_rotacao, diametro, clima, gravidade, populacao, sois, luas, classe) VALUES ('Lothal', 47, 24500, 'temperado', 1.0, 11000000000, 1, 2, 'terrestre');
INSERT INTO Planetas (nome, periodo_rotacao, diametro, clima, gravidade, populacao, sois, luas, classe) VALUES ('Colla IV', 29, 8500, 'tropical', 0.8, 500000000, 1, 2, 'terrestre');
INSERT INTO Planetas (nome, periodo_rotacao, diametro, clima, gravidade, populacao, sois, luas, classe) VALUES ('Charros IV', 31, 10098, 'arido', 1.0, 250000000, 1, 4, 'terrestre');
INSERT INTO Planetas (nome, periodo_rotacao, diametro, clima, gravidade, populacao, sois, luas, classe) VALUES ('Nubia', 29, 10490, 'temperado', 1.0, 1200000000, 1, 1, 'terrestre');
INSERT INTO Planetas (nome, periodo_rotacao, diametro, clima, gravidade, populacao, sois, luas, classe) VALUES ('Halowan', 26, 6700, 'arido', 0.7, 360000, 1, 2, 'terrestre');
INSERT INTO Planetas (nome, periodo_rotacao, diametro, clima, gravidade, populacao, sois, luas, classe) VALUES ('Skako Menor', 41, 8900, 'temperado', 2.0, 400000000, 2, 3, 'terrestre');
INSERT INTO Planetas (nome, periodo_rotacao, diametro, clima, gravidade, populacao, sois, luas, classe) VALUES ('Thyferra', 21, 10221, 'tropical', 1.0, 117000000, 1, 2, 'terrestre');

-- Table: Veiculos
CREATE TABLE IF NOT EXISTS Veiculos (nome TEXT (31) PRIMARY KEY UNIQUE NOT NULL, modelo TEXT (41), fabricante TEXT (40) REFERENCES Fabricantes (nome), custo_em_creditos INTEGER (7), comprimento REAL (3, 2), velocidade_maxima INTEGER (5), tripulacao INTEGER (4), passageiros INTEGER (4), capacidade_de_carga INTEGER (8), classe TEXT (25));
INSERT INTO Veiculos (nome, modelo, fabricante, custo_em_creditos, comprimento, velocidade_maxima, tripulacao, passageiros, capacidade_de_carga, classe) VALUES ('Sand Crawler', 'Digger Crawler', 'Corellia Mining Corporation', 150000, 36.8, 30, 46, 30, 50000, 'wheeled');
INSERT INTO Veiculos (nome, modelo, fabricante, custo_em_creditos, comprimento, velocidade_maxima, tripulacao, passageiros, capacidade_de_carga, classe) VALUES ('T-16 skyhopper', 'T-16 skyhopper', 'Incom Corporation', 14500, 10.4, 1200, 1, 1, 50, 'repulsorcraft');
INSERT INTO Veiculos (nome, modelo, fabricante, custo_em_creditos, comprimento, velocidade_maxima, tripulacao, passageiros, capacidade_de_carga, classe) VALUES ('X-34 landspeeder', 'X-34 landspeeder', 'SoroSuub Corporation', 10550, 3.4, 250, 1, 1, 5, 'repulsorcraft');
INSERT INTO Veiculos (nome, modelo, fabricante, custo_em_creditos, comprimento, velocidade_maxima, tripulacao, passageiros, capacidade_de_carga, classe) VALUES ('TIE/LN starfighter', 'Twin Ion Engine/Ln Starfighter', 'Sienar Fleet Systems', 60000, 6.4, 1200, 1, 0, 65, 'starfighter');
INSERT INTO Veiculos (nome, modelo, fabricante, custo_em_creditos, comprimento, velocidade_maxima, tripulacao, passageiros, capacidade_de_carga, classe) VALUES ('Snowspeeder', 't-47 airspeeder', 'Incom Corporation', 35000, 4.5, 650, 2, 0, 10, 'airspeeder');
INSERT INTO Veiculos (nome, modelo, fabricante, custo_em_creditos, comprimento, velocidade_maxima, tripulacao, passageiros, capacidade_de_carga, classe) VALUES ('TIE bomber', 'TIE/sa bomber', 'Sienar Fleet Systems', 150000, 7.8, 850, 1, 0, 0, 'space/planetary bomber');
INSERT INTO Veiculos (nome, modelo, fabricante, custo_em_creditos, comprimento, velocidade_maxima, tripulacao, passageiros, capacidade_de_carga, classe) VALUES ('AT-AT', 'All Terrain Armored Transport', 'Kuat Drive Yards', 500000, 20.0, 60, 5, 40, 1000, 'assault walker');
INSERT INTO Veiculos (nome, modelo, fabricante, custo_em_creditos, comprimento, velocidade_maxima, tripulacao, passageiros, capacidade_de_carga, classe) VALUES ('AT-ST', 'All Terrain Scout Transport', 'Kuat Drive Yards', 75000, 2.0, 90, 2, 0, 200, 'walker');
INSERT INTO Veiculos (nome, modelo, fabricante, custo_em_creditos, comprimento, velocidade_maxima, tripulacao, passageiros, capacidade_de_carga, classe) VALUES ('Storm IV Twin-Pod cloud car', 'Storm IV Twin-Pod', 'Bespin Motors', 75000, 7.0, 1500, 2, 0, 10, 'repulsorcraft');
INSERT INTO Veiculos (nome, modelo, fabricante, custo_em_creditos, comprimento, velocidade_maxima, tripulacao, passageiros, capacidade_de_carga, classe) VALUES ('Sail barge', 'Modified Luxury Sail Barge', 'Ubrikkian Industries', 285000, 30.0, 100, 26, 500, 2000000, 'sail barge');
INSERT INTO Veiculos (nome, modelo, fabricante, custo_em_creditos, comprimento, velocidade_maxima, tripulacao, passageiros, capacidade_de_carga, classe) VALUES ('Bantha-II cargo skiff', 'Bantha-II', 'Ubrikkian Industries', 8000, 9.5, 250, 5, 16, 135000, 'repulsorcraft cargo skiff');
INSERT INTO Veiculos (nome, modelo, fabricante, custo_em_creditos, comprimento, velocidade_maxima, tripulacao, passageiros, capacidade_de_carga, classe) VALUES ('TIE/IN interceptor', 'Twin Ion Engine Interceptor', 'Sienar Fleet Systems', 120000, 9.6, 1250, 1, 0, 75, 'starfighter');
INSERT INTO Veiculos (nome, modelo, fabricante, custo_em_creditos, comprimento, velocidade_maxima, tripulacao, passageiros, capacidade_de_carga, classe) VALUES ('Imperial Speeder Bike', '74-Z speeder bike', 'Aratech Repulsor Company', 8000, 3.0, 360, 1, 1, 4, 'speeder');
INSERT INTO Veiculos (nome, modelo, fabricante, custo_em_creditos, comprimento, velocidade_maxima, tripulacao, passageiros, capacidade_de_carga, classe) VALUES ('Vulture Droid', 'Vulture-class droid starfighter', 'Baktoid Armor Workshop', 40000, 3.5, 1200, 0, 0, 0, 'starfighter');
INSERT INTO Veiculos (nome, modelo, fabricante, custo_em_creditos, comprimento, velocidade_maxima, tripulacao, passageiros, capacidade_de_carga, classe) VALUES ('Multi-Troop Transport', 'Multi-Troop Transport', 'Baktoid Armor Workshop', 138000, 31.0, 35, 4, 112, 12000, 'repulsorcraft');
INSERT INTO Veiculos (nome, modelo, fabricante, custo_em_creditos, comprimento, velocidade_maxima, tripulacao, passageiros, capacidade_de_carga, classe) VALUES ('Armored Assault Tank', 'Armoured Assault Tank', 'Baktoid Armor Workshop', 75000, 9.75, 55, 4, 6, 500, 'repulsorcraft');
INSERT INTO Veiculos (nome, modelo, fabricante, custo_em_creditos, comprimento, velocidade_maxima, tripulacao, passageiros, capacidade_de_carga, classe) VALUES ('Single Trooper Aerial Platform', 'Single Trooper Aerial Platform', 'Baktoid Armor Workshop', 2500, 2.0, 400, 1, 0, 0, 'repulsorcraft');
INSERT INTO Veiculos (nome, modelo, fabricante, custo_em_creditos, comprimento, velocidade_maxima, tripulacao, passageiros, capacidade_de_carga, classe) VALUES ('C-9979 landing craft', 'C-9979 landing craft', 'Haor Chall Engineering', 200000, 210.0, 587, 140, 284, 1800000, 'landing craft');
INSERT INTO Veiculos (nome, modelo, fabricante, custo_em_creditos, comprimento, velocidade_maxima, tripulacao, passageiros, capacidade_de_carga, classe) VALUES ('Tribubble bongo', 'Tribubble bongo', 'Otoh Gunga Bongameken Cooperative', 10000, 15.0, 85, 1, 2, 1600, 'submarine');
INSERT INTO Veiculos (nome, modelo, fabricante, custo_em_creditos, comprimento, velocidade_maxima, tripulacao, passageiros, capacidade_de_carga, classe) VALUES ('LAAT/i', 'Low Altitude Assault Transport/infrantry', 'Rothana Heavy Engineering', 85000, 17.4, 620, 6, 30, 170, 'gunship');
INSERT INTO Veiculos (nome, modelo, fabricante, custo_em_creditos, comprimento, velocidade_maxima, tripulacao, passageiros, capacidade_de_carga, classe) VALUES ('LAAT/c', 'Low Altitude Assault Transport/carrier', 'Rothana Heavy Engineering', 175000, 28.82, 620, 1, 0, 40000, 'gunship');
INSERT INTO Veiculos (nome, modelo, fabricante, custo_em_creditos, comprimento, velocidade_maxima, tripulacao, passageiros, capacidade_de_carga, classe) VALUES ('Tsmeu-6 personal wheel bike', 'Tsmeu-6 personal wheel bike', 'Z-Gomot Ternbuell Guppat Corporation', 15000, 3.5, 330, 1, 1, 10, 'wheeled walker');
INSERT INTO Veiculos (nome, modelo, fabricante, custo_em_creditos, comprimento, velocidade_maxima, tripulacao, passageiros, capacidade_de_carga, classe) VALUES ('Droid tri-fighter', 'tri-fighter', 'Colla Designs', 20000, 5.4, 1180, 1, 0, 0, 'droid starfighter');
INSERT INTO Veiculos (nome, modelo, fabricante, custo_em_creditos, comprimento, velocidade_maxima, tripulacao, passageiros, capacidade_de_carga, classe) VALUES ('Oevvaor jet catamaran', 'Oevvaor jet catamaran', 'Appazanna Engineering Works', 12125, 15.1, 420, 2, 2, 50, 'airspeeder');
INSERT INTO Veiculos (nome, modelo, fabricante, custo_em_creditos, comprimento, velocidade_maxima, tripulacao, passageiros, capacidade_de_carga, classe) VALUES ('Raddaugh Gnasp fluttercraft', 'Raddaugh Gnasp fluttercraft', 'Appazanna Engineering Works', 14750, 7.0, 310, 2, 0, 20, 'air speeder');
INSERT INTO Veiculos (nome, modelo, fabricante, custo_em_creditos, comprimento, velocidade_maxima, tripulacao, passageiros, capacidade_de_carga, classe) VALUES ('Clone turbo tank', 'HAVw A6 Juggernaut', 'Kuat Drive Yards', 350000, 49.4, 160, 20, 300, 30000, 'wheeled walker');
INSERT INTO Veiculos (nome, modelo, fabricante, custo_em_creditos, comprimento, velocidade_maxima, tripulacao, passageiros, capacidade_de_carga, classe) VALUES ('Corporate Alliance tank droid', 'NR-N99 Persuader-class droid enforcer', 'Techno Union', 49000, 10.96, 100, 0, 4, 0, 'droid tank');
INSERT INTO Veiculos (nome, modelo, fabricante, custo_em_creditos, comprimento, velocidade_maxima, tripulacao, passageiros, capacidade_de_carga, classe) VALUES ('Droid gunship', 'HMP droid gunship', 'Haor Chall Engineering', 60000, 12.3, 820, 0, 0, 0, 'airspeeder');
INSERT INTO Veiculos (nome, modelo, fabricante, custo_em_creditos, comprimento, velocidade_maxima, tripulacao, passageiros, capacidade_de_carga, classe) VALUES ('AT-RT', 'All Terrain Recon Transport', 'Kuat Drive Yards', 40000, 3.2, 90, 1, 0, 20, 'walker');
INSERT INTO Veiculos (nome, modelo, fabricante, custo_em_creditos, comprimento, velocidade_maxima, tripulacao, passageiros, capacidade_de_carga, classe) VALUES ('AT-TE', 'All Terrain Tactical Enforcer', 'Rothana Heavy Engineering', 300000, 13.2, 60, 6, 36, 10000, 'walker');
INSERT INTO Veiculos (nome, modelo, fabricante, custo_em_creditos, comprimento, velocidade_maxima, tripulacao, passageiros, capacidade_de_carga, classe) VALUES ('SPHA', 'Self-Propelled Heavy Artillery', 'Rothana Heavy Engineering', 750000, 140.0, 35, 25, 30, 500, 'walker');
INSERT INTO Veiculos (nome, modelo, fabricante, custo_em_creditos, comprimento, velocidade_maxima, tripulacao, passageiros, capacidade_de_carga, classe) VALUES ('Flitknot speeder', 'Flitknot Speeder Bike', 'Huppla Pasa Tisc Shipwrights Collective', 8000, 2.0, 634, 1, 0, 0, 'speeder');
INSERT INTO Veiculos (nome, modelo, fabricante, custo_em_creditos, comprimento, velocidade_maxima, tripulacao, passageiros, capacidade_de_carga, classe) VALUES ('Neimoidian shuttle', 'Sheathipede-class transport shuttle', 'Haor Chall Engineering', 100000, 20.0, 880, 2, 6, 1000, 'transport');
INSERT INTO Veiculos (nome, modelo, fabricante, custo_em_creditos, comprimento, velocidade_maxima, tripulacao, passageiros, capacidade_de_carga, classe) VALUES ('Geonosian starfighter', 'Nantex-class territorial defense', 'Huppla Pasa Tisc Shipwrights Collective', 125000, 9.8, 20000, 1, 0, 50, 'starfighter');

COMMIT TRANSACTION;
PRAGMA foreign_keys = on;
